City_ID,City,Country,Date,Lat,Lng,Max Temp,Humidity,Cloudiness,Wind Speed
0,Mae Tha,TH,2022-04-21 17:35:20,18.4646,99.1403,79.79,46,7,1.07
1,Victoria,HK,2022-04-21 17:30:28,22.2855,114.1577,76.32,84,68,8.99
2,Vaini,TO,2022-04-21 17:35:20,-21.2,-175.2,75.36,100,75,0.0
3,Butaritari,KI,2022-04-21 17:35:21,3.0707,172.7902,80.92,82,93,13.91
4,Rikitea,PF,2022-04-21 17:35:21,-23.1203,-134.9692,73.02,90,99,15.95
5,Grand Gaube,MU,2022-04-21 17:35:22,-20.0064,57.6608,79.2,81,74,5.99
6,Mataura,NZ,2022-04-21 17:35:22,-46.1927,168.8643,46.47,99,100,7.16
7,Busselton,AU,2022-04-21 17:35:22,-33.65,115.3333,57.56,66,0,13.94
8,Severo-Kurilsk,RU,2022-04-21 17:35:23,50.6789,156.125,35.44,93,80,11.3
9,Port Hardy,CA,2022-04-21 17:35:23,50.6996,-127.4199,46.58,81,75,6.91
10,Hithadhoo,MV,2022-04-21 17:35:23,-0.6,73.0833,84.42,67,8,8.81
11,Saint-Augustin,CA,2022-04-21 17:35:24,51.226,-58.6502,34.9,89,12,12.03
12,Rockwall,US,2022-04-21 17:35:24,32.9001,-96.4003,81.93,75,100,12.66
13,Nikolskoye,RU,2022-04-21 17:35:24,59.7035,30.7861,49.91,81,6,4.97
14,Kresttsy,RU,2022-04-21 17:35:25,58.2452,32.5165,43.27,79,6,6.91
15,Ilulissat,GL,2022-04-21 17:35:25,69.2167,-51.1,37.42,60,75,21.85
16,Upernavik,GL,2022-04-21 17:35:25,72.7868,-56.1549,13.05,71,100,8.08
17,Alice Springs,AU,2022-04-21 17:31:26,-23.7,133.8833,49.55,50,3,1.14
18,Salalah,OM,2022-04-21 17:35:26,17.0151,54.0924,82.49,78,75,5.75
19,Zhigansk,RU,2022-04-21 17:35:26,66.7697,123.3711,4.33,99,50,7.54
20,Chapais,CA,2022-04-21 17:35:26,49.7834,-74.8492,31.78,97,100,16.15
21,Qaanaaq,GL,2022-04-21 17:35:27,77.484,-69.3632,-2.65,79,0,2.3
22,East London,ZA,2022-04-21 17:33:17,-33.0153,27.9116,75.27,72,97,8.84
23,Barrow,US,2022-04-21 17:35:27,71.2906,-156.7887,-0.38,78,0,13.8
24,Tasiilaq,GL,2022-04-21 17:35:27,65.6145,-37.6368,33.96,98,100,15.12
25,Souillac,MU,2022-04-21 17:35:28,-20.5167,57.5167,79.18,78,40,9.22
26,Eydhafushi,MV,2022-04-21 17:35:28,5.1033,73.0708,84.0,72,67,3.58
27,Bluff,NZ,2022-04-21 17:35:28,-46.6,168.3333,46.8,79,100,21.07
28,Wana,PK,2022-04-21 17:35:29,32.2989,69.5725,69.17,16,34,5.48
29,Mahebourg,MU,2022-04-21 17:35:29,-20.4081,57.7,79.09,78,40,9.22
30,Bredasdorp,ZA,2022-04-21 17:35:29,-34.5322,20.0403,60.33,83,0,3.98
31,Jos,NG,2022-04-21 17:35:30,9.9167,8.9,82.17,31,97,1.86
32,Kapaa,US,2022-04-21 17:35:30,22.0752,-159.319,72.12,92,100,12.66
33,Bereda,ES,2022-04-21 17:35:30,43.2686,-7.5406,57.15,59,100,4.92
34,Port Elizabeth,ZA,2022-04-21 17:35:31,-33.918,25.5701,66.09,94,75,17.27
35,Tiksi,RU,2022-04-21 17:35:31,71.6872,128.8694,6.85,98,100,5.57
36,Buraydah,SA,2022-04-21 17:35:31,26.326,43.975,84.65,17,66,14.52
37,Rio Verde De Mato Grosso,BR,2022-04-21 17:35:31,-18.9181,-54.8442,92.62,25,18,4.09
38,Nouadhibou,MR,2022-04-21 17:35:32,20.931,-17.0347,69.78,64,100,18.41
39,Paulo Afonso,BR,2022-04-21 17:35:32,-9.4061,-38.2147,95.27,28,62,9.84
40,Bridlington,GB,2022-04-21 17:35:32,54.0831,-0.1919,54.9,83,14,11.65
41,Leh,IN,2022-04-21 17:31:56,34.1667,77.5833,39.27,62,95,4.65
42,Thompson,CA,2022-04-21 17:35:33,55.7435,-97.8558,32.16,34,0,5.75
43,Punta Arenas,CL,2022-04-21 17:35:33,-53.15,-70.9167,44.71,65,75,21.85
44,Sao Filipe,CV,2022-04-21 17:35:33,14.8961,-24.4956,75.18,70,26,9.66
45,Isangel,VU,2022-04-21 17:36:34,-19.55,169.2667,76.41,85,8,7.36
46,Broken Hill,AU,2022-04-21 17:32:14,-31.95,141.4333,51.51,82,28,9.22
47,Albany,US,2022-04-21 17:36:34,42.6001,-73.9662,57.63,45,99,4.0
48,Nanortalik,GL,2022-04-21 17:36:35,60.1432,-45.2371,39.49,65,100,24.25
49,Kigorobya,UG,2022-04-21 17:36:35,1.6162,31.3089,68.45,90,98,9.66
50,Atuona,PF,2022-04-21 17:36:35,-9.8,-139.0333,79.14,81,15,16.6
51,Puerto Ayora,EC,2022-04-21 17:36:35,-0.7393,-90.3518,75.16,80,42,8.68
52,Coquimbo,CL,2022-04-21 17:36:36,-29.9533,-71.3436,58.73,82,40,16.11
53,Muisne,EC,2022-04-21 17:36:36,0.6,-80.0333,80.1,79,71,9.69
54,Doha,QA,2022-04-21 17:33:14,25.2867,51.5333,82.38,47,0,4.61
55,New Norfolk,AU,2022-04-21 17:36:37,-42.7826,147.0587,49.5,71,41,3.02
56,Prince Rupert,CA,2022-04-21 17:35:43,54.3161,-130.3201,46.49,66,0,9.22
57,Esperance,AU,2022-04-21 17:36:37,-33.8667,121.9,55.24,73,53,8.59
58,Cape Town,ZA,2022-04-21 17:33:49,-33.9258,18.4232,64.81,68,0,10.36
59,Jamestown,US,2022-04-21 17:36:37,42.097,-79.2353,52.72,76,100,11.5
60,Hilo,US,2022-04-21 17:36:10,19.7297,-155.09,79.29,87,20,3.44
61,Ambilobe,MG,2022-04-21 17:36:38,-13.2,49.05,72.05,98,100,4.38
62,Cherskiy,RU,2022-04-21 17:36:38,68.75,161.3,8.4,99,100,5.41
63,Pilar,BR,2022-04-21 17:36:38,-9.5972,-35.9567,84.13,62,90,9.22
64,Mount Gambier,AU,2022-04-21 17:36:39,-37.8333,140.7667,51.71,71,100,5.75
65,Longyearbyen,SJ,2022-04-21 17:36:39,78.2186,15.6401,30.04,74,40,1.14
66,Maues,BR,2022-04-21 17:36:39,-3.3836,-57.7186,80.56,85,100,3.87
67,Constitucion,CL,2022-04-21 17:36:40,-35.3333,-72.4167,57.0,57,100,7.43
68,Ust-Kan,RU,2022-04-21 17:36:40,50.9276,84.761,38.25,98,100,4.74
69,Masindi,UG,2022-04-21 17:36:40,1.6744,31.715,65.89,97,100,4.63
70,Marsala,IT,2022-04-21 17:34:33,37.7966,12.4352,63.93,82,75,4.61
71,Ojinaga,MX,2022-04-21 17:36:10,29.5667,-104.4167,92.57,25,0,0.0
72,Alikovo,RU,2022-04-21 17:36:41,55.7383,46.7549,37.51,83,100,12.01
73,Hautcharage,LU,2022-04-21 17:36:41,49.5775,5.9108,59.68,71,93,11.45
74,Ushuaia,AR,2022-04-21 17:33:49,-54.8,-68.3,44.22,81,75,18.41
75,San Jeronimo,PE,2022-04-21 17:36:41,-11.9472,-75.2829,63.09,45,71,2.84
76,Nazret,ET,2022-04-21 17:36:42,8.55,39.2667,72.14,43,92,5.66
77,Henties Bay,NA,2022-04-21 17:36:42,-22.116,14.2845,67.78,72,1,5.59
78,Hermanus,ZA,2022-04-21 17:36:42,-34.4187,19.2345,60.1,89,2,1.43
79,Coruripe,BR,2022-04-21 17:36:43,-10.1256,-36.1756,83.88,66,72,10.27
80,Pontes E Lacerda,BR,2022-04-21 17:36:43,-15.2261,-59.3353,90.07,47,70,2.13
81,Okhotsk,RU,2022-04-21 17:36:43,59.3833,143.3,18.5,97,58,1.05
82,Klaksvik,FO,2022-04-21 17:36:43,62.2266,-6.589,50.92,92,32,11.7
83,Avarua,CK,2022-04-21 17:36:44,-21.2078,-159.775,77.05,57,40,11.5
84,Fort Nelson,CA,2022-04-21 17:36:03,58.8053,-122.7002,33.39,64,100,0.0
85,Camacha,PT,2022-04-21 17:36:44,33.0833,-16.3333,60.22,67,40,13.8
86,Hobart,AU,2022-04-21 17:33:28,-42.8794,147.3294,49.86,80,100,8.05
87,Saint-Philippe,RE,2022-04-21 17:36:44,-21.3585,55.7679,78.39,87,48,10.96
88,Khatanga,RU,2022-04-21 17:36:45,71.9667,102.5,-3.86,100,89,5.79
89,Tunceli,TR,2022-04-21 17:36:45,39.1083,39.5471,59.22,49,27,4.41
90,Klyuchi,RU,2022-04-21 17:36:45,52.2667,79.1667,42.1,89,67,10.0
91,Maham,IN,2022-04-21 17:36:46,28.9833,76.3,83.01,32,63,8.34
92,Ponta Do Sol,PT,2022-04-21 17:36:46,32.6667,-17.1,66.0,87,70,10.2
93,Youkounkoun,GN,2022-04-21 17:37:46,12.5333,-13.1333,105.01,12,35,3.44
94,Cidreira,BR,2022-04-21 17:37:47,-30.1811,-50.2056,73.17,63,43,4.79
95,Tevriz,RU,2022-04-21 17:37:47,57.509,72.4042,19.65,80,100,12.86
96,Iki-Burul,RU,2022-04-21 17:37:47,45.8208,44.6472,57.81,42,98,5.1
97,Lompoc,US,2022-04-21 17:37:48,34.6391,-120.4579,65.01,78,75,8.05
98,Clyde River,CA,2022-04-21 17:37:48,70.4692,-68.5914,3.43,78,100,17.27
99,Sawakin,SD,2022-04-21 17:37:48,19.1059,37.3321,80.08,73,5,9.28
100,Laguna,US,2022-04-21 17:37:49,38.421,-121.4238,60.15,80,100,9.22
101,Saskylakh,RU,2022-04-21 17:37:49,71.9167,114.0833,3.33,99,100,4.63
102,Husavik,IS,2022-04-21 17:37:49,66.0449,-17.3389,49.64,71,7,4.97
103,Dandong,CN,2022-04-21 17:37:50,40.1292,124.3947,52.7,93,100,13.18
104,Griffith,US,2022-04-21 17:37:50,41.5284,-87.4237,63.05,67,0,16.11
105,Arica,CL,2022-04-21 17:37:50,-18.475,-70.3042,76.55,64,0,12.66
106,Kodiak,US,2022-04-21 17:37:51,57.79,-152.4072,38.71,81,20,11.5
107,Salvador,SV,2022-04-21 17:37:51,13.8333,-88.9167,89.06,32,9,3.89
108,Eureka,US,2022-04-21 17:37:52,40.8021,-124.1637,58.19,72,10,8.99
109,Dikson,RU,2022-04-21 17:37:52,73.5069,80.5464,0.01,99,98,11.12
110,Erzin,TR,2022-04-21 17:37:52,36.9559,36.2,56.68,76,0,1.1
111,Vrangel,RU,2022-04-21 17:37:53,42.7297,133.0839,45.9,80,83,6.82
112,Pacific Grove,US,2022-04-21 17:33:10,36.6177,-121.9166,60.91,82,75,14.0
113,Tuktoyaktuk,CA,2022-04-21 17:37:53,69.4541,-133.0374,-4.0,84,20,0.0
114,Saldanha,ZA,2022-04-21 17:37:53,-33.0117,17.9442,62.65,90,22,14.25
115,Recea,RO,2022-04-21 17:37:54,47.6333,23.5167,54.59,50,100,2.3
116,Quelimane,MZ,2022-04-21 17:37:54,-17.8786,36.8883,80.55,83,75,2.3
117,Huarmey,PE,2022-04-21 17:37:54,-10.0681,-78.1522,73.09,74,95,12.17
118,Knysna,ZA,2022-04-21 17:37:55,-34.0363,23.0471,64.04,91,33,4.65
119,Gravdal,NO,2022-04-21 17:37:55,68.1214,13.5031,42.69,93,75,8.05
120,Port Lincoln,AU,2022-04-21 17:37:55,-34.7333,135.8667,60.33,72,97,14.85
121,Pisco,PE,2022-04-21 17:37:56,-13.7,-76.2167,71.65,68,0,6.91
122,Opelousas,US,2022-04-21 17:34:48,30.5335,-92.0815,83.88,65,75,11.5
123,Faanui,PF,2022-04-21 17:37:56,-16.4833,-151.75,79.56,76,81,9.28
124,Nipawin,CA,2022-04-21 17:37:56,53.3668,-104.0009,30.24,80,0,5.75
125,Arraial Do Cabo,BR,2022-04-21 17:35:46,-22.9661,-42.0278,80.56,65,20,6.91
126,Voh,NC,2022-04-21 17:37:57,-20.9667,164.7,68.43,88,9,3.42
127,Torbay,CA,2022-04-21 17:35:31,47.6666,-52.7314,47.75,53,40,24.16
128,Krasnoye-Na-Volge,RU,2022-04-21 17:37:57,57.5125,41.2419,42.12,62,3,6.67
129,Geraldton,AU,2022-04-21 17:37:57,-28.7667,114.6,68.41,42,21,16.11
130,Makakilo City,US,2022-04-21 17:37:58,21.3469,-158.0858,72.19,79,20,8.05
131,Rovaniemi,FI,2022-04-21 17:37:58,66.5,25.7167,53.01,46,0,3.44
132,Hasaki,JP,2022-04-21 17:37:58,35.7333,140.8333,63.0,97,100,26.46
133,Faya,SA,2022-04-21 17:37:59,18.3851,42.4509,69.91,48,13,1.92
134,Mar Del Plata,AR,2022-04-21 17:37:59,-38.0023,-57.5575,66.22,49,0,10.36
135,Kralendijk,BQ,2022-04-21 17:37:59,12.15,-68.2667,85.98,66,75,13.8
136,Rabaul,PG,2022-04-21 17:37:59,-4.1967,152.1721,79.07,82,97,3.6
137,Jaynagar,IN,2022-04-21 17:38:00,26.5833,86.15,85.69,44,14,12.66
138,Mancio Lima,BR,2022-04-21 17:38:00,-7.6142,-72.8958,73.47,100,100,2.3
139,Qinggang,CN,2022-04-21 17:38:00,46.6833,126.0833,41.25,69,100,14.29
140,Provideniya,RU,2022-04-21 17:39:01,64.3833,-173.3,23.63,89,33,11.48
141,Andros Town,BS,2022-04-21 17:39:01,24.7,-77.7667,80.56,69,78,22.53
142,Yakeshi,CN,2022-04-21 17:39:01,49.2833,120.7333,32.52,33,14,3.13
143,Namatanai,PG,2022-04-21 17:39:02,-3.6667,152.4333,79.92,79,72,7.81
144,Goundam,ML,2022-04-21 17:39:02,16.4145,-3.6708,97.5,8,24,4.74
145,Newport,GB,2022-04-21 17:36:49,51.5877,-2.9984,64.94,78,78,16.22
146,Godda,IN,2022-04-21 17:39:02,24.8333,87.2167,83.52,59,1,7.81
147,Kortkeros,RU,2022-04-21 17:39:03,61.8106,51.5806,32.0,92,60,1.57
148,Spasskoye,RU,2022-04-21 17:39:03,44.6108,132.7969,50.0,58,82,9.44
149,Hay River,CA,2022-04-21 17:38:49,60.8156,-115.7999,31.98,47,20,3.44
150,Port Macquarie,AU,2022-04-21 17:39:04,-31.4333,152.9167,62.89,100,100,0.0
151,Mayenne,FR,2022-04-21 17:39:04,48.3333,-0.6667,63.84,75,50,6.8
152,Maryville,US,2022-04-21 17:35:24,35.7565,-83.9705,76.68,53,75,19.57
153,Anloga,GH,2022-04-21 17:39:05,5.7947,0.8973,83.61,74,95,10.92
154,Rio Grande,BR,2022-04-21 17:39:05,-32.035,-52.0986,87.91,52,81,5.75
155,Dwarka,IN,2022-04-21 17:39:05,22.2394,68.9678,80.56,84,12,13.56
156,Yaan,NG,2022-04-21 17:39:06,7.3833,8.5667,90.99,45,86,4.99
157,Obera,AR,2022-04-21 17:39:06,-27.4871,-55.1199,81.55,48,100,2.53
158,Hirara,JP,2022-04-21 17:39:06,24.8,125.2833,76.32,87,4,6.98
159,Vestmannaeyjar,IS,2022-04-21 17:39:07,63.4427,-20.2734,49.19,87,40,19.57
160,Hamilton,US,2022-04-21 17:39:07,39.1834,-84.5333,60.85,87,100,16.11
161,South Lake Tahoe,US,2022-04-21 17:34:15,38.9332,-119.9844,39.25,81,100,18.41
162,Te Anau,NZ,2022-04-21 17:39:08,-45.4167,167.7167,44.15,96,100,1.99
163,San Policarpo,PH,2022-04-21 17:39:08,12.1791,125.5072,81.45,82,11,10.83
164,Totness,SR,2022-04-21 17:39:08,5.8833,-56.3167,78.73,84,100,6.11
165,Tha Chang,TH,2022-04-21 17:39:09,9.2642,99.1922,83.21,85,95,4.27
166,Norman Wells,CA,2022-04-21 17:39:09,65.282,-126.8329,23.04,50,20,10.36
167,Caravelas,BR,2022-04-21 17:39:09,-17.7125,-39.2481,81.61,59,24,8.84
168,Port Alfred,ZA,2022-04-21 17:39:10,-33.5906,26.891,67.17,73,74,4.0
169,Dunedin,NZ,2022-04-21 17:39:10,-45.8742,170.5036,51.8,76,100,21.0
170,Yulara,AU,2022-04-21 17:39:10,-25.2406,130.9889,62.44,36,75,6.91
171,Zhongshu,CN,2022-04-21 17:39:11,24.5167,103.7667,55.33,91,24,5.41
172,Were Ilu,ET,2022-04-21 17:39:11,10.6,39.4333,57.76,53,43,8.1
173,Yining,CN,2022-04-21 17:39:11,29.0361,114.5636,63.82,84,98,2.15
174,Hanstholm,DK,2022-04-21 17:39:12,57.1167,8.6167,56.62,72,3,16.44
175,Sogne,NO,2022-04-21 17:39:12,58.0833,7.8167,61.16,60,15,11.97
176,Kaitangata,NZ,2022-04-21 17:39:12,-46.2817,169.8464,47.39,93,100,9.62
177,Zlobin,HR,2022-04-21 17:39:13,45.2924,14.6541,49.15,79,75,2.3
178,Chuy,UY,2022-04-21 17:35:17,-33.6971,-53.4616,78.58,45,54,7.29
179,Alofi,NU,2022-04-21 17:39:13,-19.0595,-169.9187,73.29,94,100,5.75
180,Amapa,BR,2022-04-21 17:39:14,1.0,-52.0,74.88,98,100,1.19
181,Zhangzhou,CN,2022-04-21 17:39:14,24.5133,117.6556,67.93,91,72,0.51
182,Tuatapere,NZ,2022-04-21 17:39:14,-46.1333,167.6833,48.47,82,100,13.58
183,Vila Velha,BR,2022-04-21 17:39:14,-20.3297,-40.2925,82.35,71,0,11.5
184,Yellowknife,CA,2022-04-21 17:35:01,62.456,-114.3525,27.12,46,20,6.91
185,Jalna,IN,2022-04-21 17:39:15,19.8333,75.8833,91.08,22,53,14.85
186,Maltahohe,NA,2022-04-21 17:40:15,-24.8333,16.9833,69.96,28,29,10.36
187,Bengkulu,ID,2022-04-21 17:40:16,-3.8004,102.2655,77.18,88,100,6.33
188,Khandyga,RU,2022-04-21 17:40:16,62.6667,135.6,11.12,98,96,1.83
189,Antofagasta,CL,2022-04-21 17:40:16,-23.65,-70.4,65.48,74,35,10.0
190,Paamiut,GL,2022-04-21 17:35:43,61.994,-49.6678,34.7,83,99,37.94
191,Bethel,US,2022-04-21 17:40:17,41.3712,-73.414,61.65,45,0,18.41
192,San Patricio,US,2022-04-21 17:40:17,28.017,-97.5169,84.07,61,64,19.98
193,Boa Vista,BR,2022-04-21 17:40:17,2.8197,-60.6733,78.78,78,75,5.75
194,La Ronge,CA,2022-04-21 17:40:18,55.1001,-105.2842,37.62,37,40,9.22
195,Qiyang,CN,2022-04-21 17:40:18,26.5911,111.8474,68.65,88,99,3.89
196,Jiayuguan,CN,2022-04-21 17:40:18,39.8167,98.3,51.48,18,82,11.1
197,Durban,ZA,2022-04-21 17:37:39,-29.8579,31.0292,72.01,92,25,1.99
198,Mushie,CD,2022-04-21 17:40:19,-3.0167,16.9,74.97,87,99,2.57
199,Katsuura,JP,2022-04-21 17:40:19,35.1333,140.3,66.22,89,100,38.59
200,Bambous Virieux,MU,2022-04-21 17:40:19,-20.3428,57.7575,79.05,78,40,9.22
201,Half Moon Bay,US,2022-04-21 17:39:42,37.4636,-122.4286,62.46,77,75,6.91
202,Mahon,ES,2022-04-21 17:40:20,39.8885,4.2658,52.36,93,75,18.41
203,Wanning,CN,2022-04-21 17:40:20,18.8003,110.3967,75.15,93,17,2.51
204,Lasa,IT,2022-04-21 17:40:20,46.6166,10.7002,52.68,95,93,3.8
205,Iquitos,PE,2022-04-21 17:40:21,-3.7481,-73.2472,84.24,74,75,6.91
206,Kafue,ZM,2022-04-21 17:40:21,-15.7691,28.1814,61.81,98,89,4.41
207,Sangar,RU,2022-04-21 17:40:21,63.9242,127.4739,12.51,94,97,3.53
208,Touros,BR,2022-04-21 17:40:22,-5.1989,-35.4608,85.17,66,72,13.65
209,Simbahan,PH,2022-04-21 17:40:22,6.3032,120.5836,81.66,78,85,0.47
210,Nome,US,2022-04-21 17:36:57,64.5011,-165.4064,32.07,59,0,8.05
211,Ambon,ID,2022-04-21 17:40:23,-3.6954,128.1814,75.34,94,20,3.44
212,Kokkarion,GR,2022-04-21 17:40:23,37.7764,26.8939,62.38,79,20,4.61
213,Hauterive,FR,2022-04-21 17:40:23,46.0901,3.4459,65.16,77,98,5.44
214,Awjilah,LY,2022-04-21 17:40:23,29.1081,21.2869,79.74,13,62,10.65
215,Petawawa,CA,2022-04-21 17:40:24,45.9001,-77.3328,44.78,92,100,9.22
216,Kousseri,CM,2022-04-21 17:40:24,12.0769,15.0306,98.08,12,39,6.4
217,Port Pirie,AU,2022-04-21 17:40:24,-33.1833,138.0167,59.09,57,5,6.69
218,Alyangula,AU,2022-04-21 17:40:25,-13.8483,136.4192,71.47,100,20,0.0
219,Ballina,AU,2022-04-21 17:40:25,-28.8667,153.5667,61.02,100,14,3.44
220,Kintinku,TZ,2022-04-21 17:40:25,-5.8833,35.2333,77.38,56,97,5.91
221,Marly,FR,2022-04-21 17:40:26,50.3456,3.5496,66.22,60,75,11.25
222,Beringovskiy,RU,2022-04-21 17:40:26,63.05,179.3167,23.43,97,100,4.59
223,Sitka,US,2022-04-21 17:40:26,57.0531,-135.33,42.69,65,20,3.44
224,Pangnirtung,CA,2022-04-21 17:40:27,66.1451,-65.7125,17.6,57,20,5.75
225,Pevek,RU,2022-04-21 17:40:27,69.7008,170.3133,9.73,95,65,8.63
226,Saint-Joseph,RE,2022-04-21 17:40:27,-21.3667,55.6167,77.38,85,28,11.16
227,Talnakh,RU,2022-04-21 17:40:27,69.4865,88.3972,7.81,79,89,1.95
228,Hovd,MN,2022-04-21 17:40:28,48.0056,91.6419,46.54,38,96,13.35
229,Santa Maria,BR,2022-04-21 17:40:28,-29.6842,-53.8069,78.1,53,0,6.91
230,Nanzhou,CN,2022-04-21 17:40:28,29.3596,112.4024,66.92,83,100,7.96
231,Avera,US,2022-04-21 17:40:29,33.194,-82.5271,74.37,51,93,7.45
232,Kanata,CA,2022-04-21 17:40:14,45.3159,-75.8985,51.84,78,100,14.0
233,Port Moresby,PG,2022-04-21 17:37:41,-9.4431,147.1797,74.62,94,40,5.75
234,Zyryanka,RU,2022-04-21 17:41:29,65.75,150.85,8.01,97,100,3.13
235,Asau,RO,2022-04-21 17:41:29,46.4333,26.4,49.28,56,56,4.81
236,Skibbereen,IE,2022-04-21 17:41:30,51.55,-9.2667,54.1,87,98,17.38
237,Mansa,IN,2022-04-21 17:41:30,29.9833,75.3833,80.92,34,49,7.0
238,Rabo De Peixe,PT,2022-04-21 17:41:30,37.8,-25.5833,58.51,63,20,14.97
239,Komsomolskiy,UZ,2022-04-21 17:41:31,40.4272,71.7189,63.32,72,75,4.61
240,Castro,BR,2022-04-21 17:41:31,-24.7911,-50.0119,75.09,52,7,4.23
241,Kampong Thum,KH,2022-04-21 17:41:31,12.7111,104.8887,79.5,82,97,0.76
242,Jiwani,PK,2022-04-21 17:41:32,25.05,61.7417,79.74,81,0,6.08
243,Kautokeino,NO,2022-04-21 17:41:32,69.0125,23.0412,34.21,99,100,3.8
244,Lebu,CL,2022-04-21 17:41:32,-37.6167,-73.65,54.23,98,100,17.6
245,Chekmagush,RU,2022-04-21 17:41:32,55.1319,54.6556,35.31,65,75,11.9
246,Tazovskiy,RU,2022-04-21 17:41:33,67.4667,78.7,-5.04,100,90,5.95
247,Bakhmach,UA,2022-04-21 17:41:33,51.1808,32.7569,42.4,89,84,10.56
248,Ijuin,JP,2022-04-21 17:41:33,31.6167,130.4,61.92,85,63,7.23
249,Chyhyryn,UA,2022-04-21 17:41:34,49.0838,32.6555,44.19,88,96,13.31
250,Villazon,BO,2022-04-21 17:41:34,-22.0866,-65.5942,64.83,8,36,7.7
251,Fenelon Falls,CA,2022-04-21 17:41:34,44.5334,-78.7496,48.56,94,100,16.62
252,Victor Harbor,AU,2022-04-21 17:41:35,-35.5667,138.6167,60.01,78,87,12.5
253,Palmetto,US,2022-04-21 17:41:35,27.5214,-82.5723,86.02,41,20,14.97
254,Hambantota,LK,2022-04-21 17:41:35,6.1241,81.1185,80.02,85,59,7.56
255,Toora-Khem,RU,2022-04-21 17:41:35,52.4675,96.11,33.75,87,100,1.72
256,Xichang,CN,2022-04-21 17:41:36,27.8964,102.2634,58.33,85,67,1.12
257,Baghdad,IQ,2022-04-21 17:38:48,33.3406,44.4009,76.91,13,0,10.36
258,Ahipara,NZ,2022-04-21 17:41:36,-35.1667,173.1667,65.17,93,48,5.19
259,Vaxjo,SE,2022-04-21 17:41:36,56.8777,14.8091,55.45,44,0,14.97
260,Bow Island,CA,2022-04-21 17:41:37,49.8668,-111.3684,39.47,52,100,23.02
261,Airai,TL,2022-04-21 17:41:37,-8.9266,125.4092,59.4,90,96,2.98
262,Bolkhov,RU,2022-04-21 17:41:37,53.4433,36.0044,43.32,72,43,6.78
263,Georgetown,MY,2022-04-21 17:41:38,5.4112,100.3354,84.13,88,20,5.99
264,Jalu,LY,2022-04-21 17:41:38,29.0331,21.5482,79.93,14,75,10.45
265,Nova Granada,BR,2022-04-21 17:41:38,-20.5339,-49.3142,88.05,33,7,2.13
266,Loknya,RU,2022-04-21 17:41:39,56.83,30.1467,43.39,85,91,8.88
267,Ribeira Grande,PT,2022-04-21 17:41:39,38.5167,-28.7,59.4,63,20,17.27
268,Muros,ES,2022-04-21 17:41:39,42.7762,-9.0603,56.16,90,100,11.74
269,Cayenne,GF,2022-04-21 17:41:40,4.9333,-52.3333,75.09,1,100,3.44
270,Amahai,ID,2022-04-21 17:41:40,-3.3333,128.9167,79.77,85,100,2.86
271,Kununurra,AU,2022-04-21 17:41:40,-15.7667,128.7333,69.78,88,68,0.0
272,Adrar,MR,2022-04-21 17:41:40,20.5022,-10.0711,88.41,7,34,15.55
273,Porto Novo,BJ,2022-04-21 17:41:41,6.4965,2.6036,84.02,75,96,6.76
274,Roald,NO,2022-04-21 17:41:41,62.5833,6.1333,59.92,81,0,20.71
275,Hofn,IS,2022-04-21 17:41:41,64.2539,-15.2082,47.86,78,5,7.23
276,Carutapera,BR,2022-04-21 17:41:42,-1.195,-46.02,84.34,71,55,7.47
277,Qaqortoq,GL,2022-04-21 17:41:42,60.7167,-46.0333,36.21,84,100,14.43
278,Fleetwood,GB,2022-04-21 17:36:58,53.9253,-3.0109,60.85,44,0,19.57
279,Fortuna,US,2022-04-21 17:41:42,40.5982,-124.1573,56.93,76,100,13.8
280,Nakamura,JP,2022-04-21 17:42:43,32.9833,132.9333,56.95,97,56,4.29
281,Baykit,RU,2022-04-21 17:42:43,61.67,96.37,21.22,98,100,3.67
282,Khor,RU,2022-04-21 17:42:43,47.8861,134.9464,53.26,60,100,1.39
283,Jiangyou,CN,2022-04-21 17:42:44,31.7667,104.7167,65.97,66,59,4.14
284,Fort Saint James,CA,2022-04-21 17:42:44,54.4333,-124.25,43.32,49,83,1.7
285,Zemio,CF,2022-04-21 17:42:44,5.0314,25.1361,68.72,95,100,6.6
286,Pakala,IN,2022-04-21 17:42:45,13.4667,79.1167,82.81,79,22,6.71
287,Montrose,US,2022-04-21 17:42:10,38.4166,-108.2673,62.01,21,9,23.38
288,Palmer,US,2022-04-21 17:42:45,42.1584,-72.3287,62.02,30,75,23.02
289,Ostrovnoy,RU,2022-04-21 17:42:45,68.0531,39.5131,34.75,97,100,11.92
290,Fallon,US,2022-04-21 17:42:46,39.4735,-118.7774,52.45,46,75,12.66
291,Cabo San Lucas,MX,2022-04-21 17:42:28,22.8909,-109.9124,81.61,73,0,4.0
292,Monrovia,LR,2022-04-21 17:41:30,6.3005,-10.7969,87.57,75,100,10.0
293,Shimoda,JP,2022-04-21 17:42:46,34.6667,138.95,59.11,94,100,12.26
294,Beloha,MG,2022-04-21 17:42:47,-25.1667,45.05,72.25,83,92,18.19
295,Bonthe,SL,2022-04-21 17:42:47,7.5264,-12.505,83.73,70,95,12.68
296,Jining,CN,2022-04-21 17:42:47,35.405,116.5814,62.51,80,71,4.97
297,Luba,GQ,2022-04-21 17:42:47,3.4568,8.5547,82.29,81,78,7.61
298,Sabha,LY,2022-04-21 17:42:48,27.0377,14.4283,86.74,10,42,13.11
299,Upanema,BR,2022-04-21 17:42:48,-5.6419,-37.2578,92.12,43,90,6.15
300,Houma,US,2022-04-21 17:42:48,29.5958,-90.7195,84.0,69,40,14.97
301,Sorgun,TR,2022-04-21 17:42:49,39.8101,35.186,49.62,50,14,5.08
302,Korsakov,RU,2022-04-21 17:42:49,46.6328,142.7813,40.84,85,0,9.55
303,Kamenka,RU,2022-04-21 17:42:49,51.3223,42.7678,49.78,56,68,5.55
304,Moanda,GA,2022-04-21 17:42:49,-1.5575,13.2178,78.35,76,89,2.21
305,Deming,US,2022-04-21 17:42:12,32.2687,-107.7586,78.69,11,0,12.66
306,Pascagoula,US,2022-04-21 17:42:50,30.3658,-88.5561,80.65,70,75,18.41
307,Fairbanks,US,2022-04-21 17:40:34,64.8378,-147.7164,37.81,57,0,0.0
308,Kemijarvi,FI,2022-04-21 17:42:50,66.7131,27.4306,45.1,90,53,3.98
309,College,US,2022-04-21 17:42:51,64.8569,-147.8028,37.8,57,0,1.99
310,Northam,GB,2022-04-21 17:42:51,51.0333,-4.2167,55.72,81,65,10.02
311,Illapel,CL,2022-04-21 17:42:51,-31.6308,-71.1653,75.33,37,29,7.47
312,Novobirilyussy,RU,2022-04-21 17:42:52,56.9514,90.6661,36.79,91,100,3.91
313,Haines Junction,CA,2022-04-21 17:42:52,60.7522,-137.5108,26.55,59,89,2.3
314,Sungairaya,ID,2022-04-21 17:42:52,0.7,108.9,79.9,81,100,2.46
315,Bellavista,PE,2022-04-21 17:42:52,-7.0561,-76.5911,87.28,66,75,8.05
316,San Cristobal,VE,2022-04-21 17:38:18,7.7669,-72.225,77.18,51,89,3.65
317,Porto Seguro,BR,2022-04-21 17:42:10,-16.4497,-39.0647,81.12,69,20,8.05
318,Coahuayana,MX,2022-04-21 17:42:53,18.7333,-103.6833,91.65,26,0,7.92
319,Waingapu,ID,2022-04-21 17:42:53,-9.6567,120.2641,78.4,84,81,6.2
320,Tamandare,BR,2022-04-21 17:42:54,-8.7597,-35.1047,82.99,65,34,6.8
321,Havelock,US,2022-04-21 17:42:54,34.8791,-76.9013,74.01,57,75,8.05
322,Tommot,RU,2022-04-21 17:42:54,58.9564,126.2925,21.09,91,100,1.86
323,Phalodi,IN,2022-04-21 17:42:55,27.1333,72.3667,86.63,15,3,5.03
324,Bathsheba,BB,2022-04-21 17:42:55,13.2167,-59.5167,84.81,58,40,18.41
325,Rudbar,AF,2022-04-21 17:43:55,30.15,62.6,80.73,11,3,5.1
326,Lensk,RU,2022-04-21 17:43:55,60.7253,114.9278,13.42,97,84,4.21
327,Moree,AU,2022-04-21 17:43:56,-29.4667,149.85,57.22,77,51,6.91
328,Yar-Sale,RU,2022-04-21 17:43:56,66.8333,70.8333,10.38,92,100,22.26
329,Okmulgee,US,2022-04-21 17:43:56,35.6234,-95.9605,77.11,69,100,21.85
330,Keshabpur,BD,2022-04-21 17:43:57,22.9183,89.2112,81.32,75,63,9.37
331,Los Alamos,US,2022-04-21 17:39:50,35.8881,-106.307,69.67,17,0,7.0
332,Sydney Mines,CA,2022-04-21 17:43:57,46.2367,-60.2177,51.26,50,20,11.5
333,Brigantine,US,2022-04-21 17:43:57,39.4101,-74.3646,60.21,61,0,12.66
334,Los Llanos De Aridane,ES,2022-04-21 17:43:58,28.6585,-17.9182,62.35,83,75,4.61
335,Luanda,AO,2022-04-21 17:41:54,-8.8368,13.2343,77.88,87,58,11.77
336,Shelburne,CA,2022-04-21 17:43:58,44.0787,-80.2041,50.13,97,100,16.84
337,Kostolac,RS,2022-04-21 17:43:58,44.7149,21.1711,57.15,67,94,5.5
338,Coronado,US,2022-04-21 17:43:59,32.6859,-117.1831,71.53,66,20,11.5
339,Xining,CN,2022-04-21 17:43:59,36.6167,101.7667,46.98,25,100,1.54
340,Ponnani,IN,2022-04-21 17:43:59,10.767,75.9252,81.72,84,3,3.27
341,Abhar,IR,2022-04-21 17:44:00,36.1468,49.218,57.49,68,97,1.9
342,Karratha,AU,2022-04-21 17:44:00,-20.7377,116.8463,82.92,45,24,3.31
343,Iqaluit,CA,2022-04-21 17:44:00,63.7506,-68.5145,11.93,66,40,13.8
344,Japura,ID,2022-04-21 17:44:01,-0.3167,102.35,74.8,95,100,1.95
345,Port Shepstone,ZA,2022-04-21 17:44:01,-30.7414,30.455,70.84,80,69,9.15
346,Dalmatovo,RU,2022-04-21 17:44:01,56.26,62.9362,28.49,68,29,8.32
347,Bandarbeyla,SO,2022-04-21 17:44:02,9.4942,50.8122,82.51,74,46,14.12
348,Petropavlivka,UA,2022-04-21 17:44:02,48.4564,36.4367,44.71,88,100,2.39
349,Bitung,ID,2022-04-21 17:44:02,1.4451,125.1824,77.85,85,87,4.14
350,Codrington,AU,2022-04-21 17:44:03,-38.2667,141.9667,56.1,55,100,12.06
351,Aykhal,RU,2022-04-21 17:44:03,66.0,111.5,6.33,99,100,4.16
352,Sambava,MG,2022-04-21 17:44:03,-14.2667,50.1667,73.51,93,100,6.17
353,Saint-Pierre,RE,2022-04-21 17:44:04,-21.3393,55.4781,78.48,83,0,26.46
354,Belaya Gora,RU,2022-04-21 17:44:04,68.5333,146.4167,7.81,100,100,4.45
355,Mogadishu,SO,2022-04-21 17:43:58,2.0371,45.3438,82.76,76,80,16.04
356,Galesong,ID,2022-04-21 17:44:04,-5.3166,119.3661,77.02,88,97,5.46
357,Durres,AL,2022-04-21 17:44:05,41.3231,19.4414,60.98,68,98,4.03
358,Vilhena,BR,2022-04-21 17:44:05,-12.7406,-60.1458,84.42,65,75,8.05
359,Leshukonskoye,RU,2022-04-21 17:44:05,64.8989,45.7622,24.51,94,24,3.02
360,Mandurah,AU,2022-04-21 17:44:06,-32.55,115.7,60.91,62,0,20.51
361,Dudinka,RU,2022-04-21 17:44:06,69.4058,86.1778,9.25,89,98,7.07
362,Lorengau,PG,2022-04-21 17:44:06,-2.0226,147.2712,81.9,79,87,8.95
363,Dzilam Gonzalez,MX,2022-04-21 17:44:07,21.2833,-88.9333,93.31,35,68,9.8
364,Alugan,PH,2022-04-21 17:44:07,12.2188,125.4808,80.78,84,15,9.95
365,Comodoro Rivadavia,AR,2022-04-21 17:44:07,-45.8667,-67.5,53.46,76,75,12.66
366,Shiyan,CN,2022-04-21 17:44:08,32.6475,110.7781,64.15,75,0,2.28
367,Tyrma,RU,2022-04-21 17:44:08,50.0833,132.1667,35.08,94,100,3.67
368,Namibe,AO,2022-04-21 17:44:08,-15.1961,12.1522,73.29,81,99,11.83
369,Carauari,BR,2022-04-21 17:40:54,-4.8828,-66.8958,77.31,85,100,2.68
370,Sorland,NO,2022-04-21 17:44:09,67.667,12.6934,42.66,76,31,9.71
371,Mayor Pablo Lagerenza,PY,2022-04-21 17:45:09,-19.9309,-60.7718,99.14,23,27,13.13
372,Uryupinsk,RU,2022-04-21 17:45:09,50.8047,42.0138,51.62,58,93,4.85
373,Aklavik,CA,2022-04-21 17:45:10,68.2191,-135.0107,3.2,85,100,2.3
374,Portland,US,2022-04-21 17:43:20,45.5234,-122.6762,54.61,74,75,11.5
375,Luau,AO,2022-04-21 17:45:10,-10.7073,22.2247,65.21,87,37,1.72
376,Auki,SB,2022-04-21 17:45:10,-8.7676,160.7034,77.63,87,98,3.62
377,Ugoofaaru,MV,2022-04-21 17:45:11,5.6667,73.0,83.71,72,86,1.7
378,Tinyahuarco,PE,2022-04-21 17:45:11,-10.75,-76.3,54.59,45,64,10.94
379,Yeppoon,AU,2022-04-21 17:45:11,-23.1333,150.7333,69.58,82,100,14.25
380,Tabou,CI,2022-04-21 17:45:12,4.423,-7.3528,81.28,82,93,7.83
381,Chara,RU,2022-04-21 17:45:12,56.9064,118.2631,21.9,89,100,4.03
382,Ust-Ilimsk,RU,2022-04-21 17:45:12,58.0006,102.6619,20.16,94,87,3.44
383,Mustasaari,FI,2022-04-21 17:45:12,63.1142,21.6822,53.55,58,0,6.91
384,Bandiagara,ML,2022-04-21 17:45:13,14.3501,-3.6104,97.47,6,48,4.25
385,Ndele,CF,2022-04-21 17:45:13,8.4109,20.6473,80.13,61,75,5.19
386,Warrnambool,AU,2022-04-21 17:45:13,-38.3833,142.4833,53.82,63,100,11.18
387,Axim,GH,2022-04-21 17:45:14,4.8699,-2.2405,80.19,83,100,5.75
388,Ayagoz,KZ,2022-04-21 17:45:14,47.9714,80.4392,57.69,32,95,18.77
389,Korla,CN,2022-04-21 17:45:14,41.7597,86.1469,66.92,33,92,6.85
390,Chulym,RU,2022-04-21 17:45:15,55.0997,80.9572,41.16,84,96,7.18
391,Kavieng,PG,2022-04-21 17:45:15,-2.5744,150.7967,82.71,74,56,13.69
392,Gisborne,NZ,2022-04-21 17:42:18,-38.6533,178.0042,59.77,93,100,5.82
393,Matay,EG,2022-04-21 17:45:15,28.419,30.7792,74.64,23,2,13.44
394,Harrisonburg,US,2022-04-21 17:45:16,38.4496,-78.8689,62.35,59,100,10.33
395,Polunochnoye,RU,2022-04-21 17:45:16,60.8697,60.4153,18.48,84,53,6.62
396,Alta Floresta,BR,2022-04-21 17:45:16,-9.8756,-56.0861,82.22,78,75,3.44
397,Khuzdar,PK,2022-04-21 17:45:17,27.7384,66.6434,75.38,12,19,5.19
398,Sioux Lookout,CA,2022-04-21 17:45:17,50.1001,-91.917,37.47,75,75,18.41
399,Baruun-Urt,MN,2022-04-21 17:45:17,46.6806,113.2792,35.01,31,50,7.45
400,Berlevag,NO,2022-04-21 17:45:18,70.8578,29.0864,39.2,97,55,16.96
401,Tjome,NO,2022-04-21 17:45:18,59.1109,10.3933,64.63,36,0,10.36
402,Lavrentiya,RU,2022-04-21 17:45:18,65.5833,-171.0,17.29,88,13,5.77
403,Ankang,CN,2022-04-21 17:45:19,32.68,109.0172,63.77,60,0,2.33
404,Yarada,IN,2022-04-21 17:45:19,17.65,83.2667,84.52,84,40,8.05
405,Walvis Bay,NA,2022-04-21 17:45:19,-22.9575,14.5053,77.95,47,0,3.44
406,Russell,US,2022-04-21 17:45:20,32.3502,-85.1999,78.12,55,20,5.75
407,Kahului,US,2022-04-21 17:45:20,20.8947,-156.47,76.84,75,0,18.99
408,Krasnoye,UA,2022-04-21 17:45:20,49.9145,24.6134,41.97,97,100,11.21
409,San Luis,AR,2022-04-21 17:41:24,-33.295,-66.3356,72.37,39,71,16.02
410,Itacarambi,BR,2022-04-21 17:45:21,-15.1022,-44.0919,92.75,25,0,4.94
411,Porto-Vecchio,FR,2022-04-21 17:45:21,41.591,9.2795,55.06,100,75,14.97
412,Irbil,IQ,2022-04-21 17:45:21,36.1926,44.0106,66.02,24,0,4.61
413,Podor,MR,2022-04-21 17:45:22,16.6527,-14.9587,103.95,20,0,2.3
414,Vila,PT,2022-04-21 17:45:22,42.0304,-8.1588,43.68,87,100,5.84
415,Chokurdakh,RU,2022-04-21 17:45:22,70.6333,147.9167,-9.0,100,95,1.28
416,Hornepayne,CA,2022-04-21 17:45:23,49.2138,-84.7705,38.52,90,100,10.65
417,Banjarmasin,ID,2022-04-21 17:45:23,-3.3244,114.591,78.94,93,97,3.09
418,Kualakapuas,ID,2022-04-21 17:46:23,-3.0091,114.3876,74.23,97,94,2.53
419,Podyuga,RU,2022-04-21 17:46:24,61.095,40.8647,29.75,95,9,3.02
420,Vestmanna,FO,2022-04-21 17:46:24,62.1564,-7.1664,49.12,66,34,9.22
421,Karla,EE,2022-04-21 17:46:24,59.3723,24.9275,51.51,57,0,11.5
422,Jacmel,HT,2022-04-21 17:46:25,18.2342,-72.5347,87.64,74,47,7.54
423,Paseh,ID,2022-04-21 17:46:25,-7.1026,107.7641,68.49,91,100,1.28
424,Mount Isa,AU,2022-04-21 17:46:25,-20.7333,139.5,74.97,23,41,16.11
425,Bayshore Gardens,US,2022-04-21 17:46:25,27.4253,-82.5904,86.23,40,20,14.97
426,Kedrovyy,RU,2022-04-21 17:46:26,56.1667,91.8167,37.87,96,100,2.37
427,Quatre Cocos,MU,2022-04-21 17:46:26,-20.2078,57.7625,78.91,74,93,12.26
428,Mangit,UZ,2022-04-21 17:46:26,40.5971,70.9607,67.77,55,73,5.08
429,Coihaique,CL,2022-04-21 17:46:27,-45.5752,-72.0662,49.95,81,75,3.44
430,Carnarvon,AU,2022-04-21 17:46:27,-24.8667,113.6333,68.07,88,76,5.75
431,Mangrol,IN,2022-04-21 17:46:27,21.1167,70.1167,82.18,74,3,15.14
432,Ailigandi,PA,2022-04-21 17:46:28,9.2333,-78.0167,82.6,69,86,7.23
433,Poum,NC,2022-04-21 17:46:28,-20.2333,164.0167,76.37,76,62,12.26
434,Amga,RU,2022-04-21 17:46:28,60.8953,131.9608,22.05,96,99,1.25
435,Svetlogorsk,BY,2022-04-21 17:46:29,52.6333,29.7333,41.65,84,71,10.49
436,San Pedro,PH,2022-04-21 17:44:04,14.35,121.0167,83.43,75,20,3.44
437,Luderitz,NA,2022-04-21 17:46:29,-26.6481,15.1594,64.38,74,1,7.9
438,Minusinsk,RU,2022-04-21 17:46:29,53.7103,91.6875,41.99,89,100,12.39
439,Champerico,GT,2022-04-21 17:46:30,14.3,-91.9167,91.94,63,2,11.59
440,Taltal,CL,2022-04-21 17:46:30,-25.4,-70.4833,67.23,73,13,8.16
441,Matagami,CA,2022-04-21 17:46:30,49.7502,-77.6328,33.91,93,100,13.8
442,Kasongo-Lunda,CD,2022-04-21 17:46:30,-6.4667,16.8167,72.95,89,79,1.34
443,Pangoa,PE,2022-04-21 17:46:31,-12.1167,-73.0,88.16,44,28,4.68
444,Koungou,YT,2022-04-21 17:46:31,-12.7336,45.2042,78.51,89,75,10.36
445,Ahuimanu,US,2022-04-21 17:46:31,21.4447,-157.8378,74.35,83,75,8.05
446,Redlands,US,2022-04-21 17:42:36,34.0556,-117.1825,70.56,51,0,1.01
447,Limoges,FR,2022-04-21 17:46:32,45.75,1.3333,59.56,67,0,6.91
448,Tawau,MY,2022-04-21 17:46:32,4.2498,117.8871,77.13,94,97,3.0
449,Ulaanbaatar,MN,2022-04-21 17:46:32,47.9077,106.8832,32.13,59,40,2.24
450,Borogontsy,RU,2022-04-21 17:46:33,62.6683,131.1683,10.65,96,50,1.61
451,Bonavista,CA,2022-04-21 17:46:33,48.6499,-53.1147,36.23,75,57,19.73
452,Acarau,BR,2022-04-21 17:46:33,-2.8856,-40.12,83.68,76,56,13.29
453,Grindavik,IS,2022-04-21 17:46:34,63.8424,-22.4338,50.47,81,75,16.11
454,Vieux-Habitants,GP,2022-04-21 17:46:34,16.0589,-61.7659,84.7,56,12,11.12
455,Belmonte,BR,2022-04-21 17:46:34,-15.8631,-38.8828,81.12,60,45,10.67
456,Graham,US,2022-04-21 17:46:35,47.0529,-122.2943,52.41,71,20,13.8
457,Bahia Blanca,AR,2022-04-21 17:42:22,-38.7196,-62.2724,66.43,33,97,16.71
458,Katangli,RU,2022-04-21 17:46:35,51.7102,143.2326,29.57,96,100,10.87
459,Maroantsetra,MG,2022-04-21 17:46:35,-15.4333,49.7333,74.35,91,100,3.91
460,Sobolevo,RU,2022-04-21 17:46:36,54.4299,31.8996,39.97,87,38,8.57
461,Sarankhola,BD,2022-04-21 17:46:36,22.3082,89.7897,79.68,83,80,6.67
462,Lazaro Cardenas,MX,2022-04-21 17:46:36,17.9583,-102.2,85.66,44,0,9.6
463,Teodoro Sampaio,BR,2022-04-21 17:46:37,-22.5325,-52.1675,84.36,48,42,3.91
464,Lata,PT,2022-04-21 17:47:37,40.1629,-8.3327,58.08,67,99,10.92
465,Moron,AR,2022-04-21 17:44:13,-34.6534,-58.6198,72.81,37,18,5.57
466,Bushehr,IR,2022-04-21 17:47:37,28.9684,50.8385,78.89,65,0,4.61
467,Fukue,JP,2022-04-21 17:47:38,32.6881,128.8419,59.0,80,9,6.89
468,Liberal,US,2022-04-21 17:47:38,37.0431,-100.921,70.84,68,100,11.5
469,Narsaq,GL,2022-04-21 17:47:38,60.9167,-46.05,41.22,88,100,9.15
470,Nelson Bay,AU,2022-04-21 17:47:39,-32.7167,152.15,70.0,91,98,15.82
471,San Quintin,MX,2022-04-21 17:47:39,30.4833,-115.95,64.45,63,2,18.88
472,Praia,CV,2022-04-21 17:47:39,14.9215,-23.5087,81.14,41,0,19.57
473,Ritchie,ZA,2022-04-21 17:47:39,-29.038,24.6028,63.61,37,37,7.23
474,Doba,TD,2022-04-21 17:47:40,8.65,16.85,89.71,25,100,4.56
475,Joniskis,LT,2022-04-21 17:47:40,56.2403,23.6153,59.92,64,7,9.78
476,Devrek,TR,2022-04-21 17:47:40,41.2192,31.9558,48.49,87,10,2.8
477,Fuerte Olimpo,PY,2022-04-21 17:47:41,-21.0415,-57.8738,98.46,21,8,8.46
478,Biscarrosse,FR,2022-04-21 17:47:41,44.3945,-1.1672,55.35,82,100,5.75
479,Ponta Delgada,PT,2022-04-21 17:47:41,37.7333,-25.6667,59.72,58,20,10.36
480,Puri,IN,2022-04-21 17:47:42,19.8,85.85,82.92,88,100,20.42
481,Viedma,AR,2022-04-21 17:47:42,-40.8135,-62.9967,66.24,33,79,25.34
482,Katete,UG,2022-04-21 17:47:42,-0.7818,29.7544,64.67,92,84,3.18
483,San Juan,AR,2022-04-21 17:47:43,-31.5375,-68.5364,75.49,31,60,9.08
484,Mehamn,NO,2022-04-21 17:47:43,71.0357,27.8492,39.15,87,75,18.41
485,Nador,MA,2022-04-21 17:47:43,35.174,-2.9287,66.27,59,20,14.97
486,Pachino,IT,2022-04-21 17:47:44,36.7186,15.0907,62.29,71,100,24.94
487,Kashmor,PK,2022-04-21 17:47:44,28.4333,69.5833,90.09,7,0,7.4
488,Eyl,SO,2022-04-21 17:47:44,7.9803,49.8164,82.11,73,73,12.41
489,Bosaso,SO,2022-04-21 17:47:44,11.2842,49.1816,81.97,71,11,4.63
490,Celestun,MX,2022-04-21 17:47:45,20.8667,-90.4,87.33,55,10,11.21
491,Vao,NC,2022-04-21 17:47:45,-22.6667,167.4833,73.85,59,1,3.09
492,Waipawa,NZ,2022-04-21 17:47:45,-41.4122,175.5153,59.4,89,78,11.1
493,Hailey,US,2022-04-21 17:45:07,43.5196,-114.3153,46.26,53,100,13.8
494,Moose Factory,CA,2022-04-21 17:47:46,51.2585,-80.6094,39.2,93,100,9.22
495,Lethem,GY,2022-04-21 17:47:46,3.3803,-59.7968,85.42,55,100,4.59
496,Kuhdasht,IR,2022-04-21 17:47:46,33.535,47.6061,61.9,30,14,1.16
497,Gondar,ET,2022-04-21 17:47:47,12.6,37.4667,66.33,52,89,7.34
498,Awash,ET,2022-04-21 17:47:47,8.9833,40.1667,83.34,40,85,14.0
499,Launceston,AU,2022-04-21 17:47:47,-41.45,147.1667,44.15,86,36,8.05
500,Along,IN,2022-04-21 17:47:48,28.1667,94.7667,67.71,95,66,1.74
501,Ust-Nera,RU,2022-04-21 17:47:48,64.5667,143.2,6.58,99,91,2.51
502,Srednekolymsk,RU,2022-04-21 17:47:48,67.45,153.6833,7.56,99,89,1.97
503,Batsfjord,NO,2022-04-21 17:47:49,70.6345,29.7185,38.98,87,75,10.36
504,Kurilsk,RU,2022-04-21 17:47:49,45.2333,147.8833,47.39,57,20,6.96
505,Thaton,MM,2022-04-21 17:47:49,16.9206,97.3714,81.75,75,24,6.02
506,Vaitape,PF,2022-04-21 17:46:31,-16.5167,-151.75,79.54,76,80,9.66
507,Kiruna,SE,2022-04-21 17:47:50,67.8557,20.2251,38.32,75,75,8.05
508,Baykalsk,RU,2022-04-21 17:47:50,51.5058,104.1469,29.28,84,89,6.98
509,Yichang,CN,2022-04-21 17:47:50,30.7144,111.2847,65.5,81,92,2.19
510,Poro,PH,2022-04-21 17:47:51,10.6292,124.4087,82.11,78,23,9.66
511,Mahina,PF,2022-04-21 17:48:51,-17.5065,-149.489,74.97,88,75,4.61
512,Sandy Bay,AU,2022-04-21 17:48:51,-42.913,147.3532,49.89,80,100,9.22
513,Biak,ID,2022-04-21 17:48:51,-0.9131,122.8766,76.39,86,52,2.42
514,Groningen,NL,2022-04-21 17:45:13,53.25,6.75,59.22,64,100,11.5
515,Hargeysa,SO,2022-04-21 17:48:52,9.56,44.065,74.59,66,19,8.57
516,Ancud,CL,2022-04-21 17:48:52,-41.8697,-73.8203,52.23,83,40,14.65
517,Puerto Baquerizo Moreno,EC,2022-04-21 17:48:52,-0.9,-89.6,79.79,69,20,13.8
518,Flinders,AU,2022-04-21 17:48:53,-34.5833,150.8552,61.18,76,100,5.99
519,Veere,NL,2022-04-21 17:48:53,51.5483,3.6667,62.74,57,14,16.11
520,Leningradskiy,RU,2022-04-21 17:48:53,69.3833,178.4167,12.29,91,99,2.24
521,Sola,VU,2022-04-21 17:48:54,-13.8833,167.55,82.2,73,39,7.83
522,Puerto Madryn,AR,2022-04-21 17:48:54,-42.7692,-65.0385,61.75,47,92,25.79
523,Kuah,MY,2022-04-21 17:48:54,6.3265,99.8432,82.38,89,20,3.44
524,Maturin,VE,2022-04-21 17:48:55,9.75,-63.1767,98.47,27,76,6.58
525,Brae,GB,2022-04-21 17:48:55,60.3964,-1.353,48.81,83,24,14.7
526,Anjozorobe,MG,2022-04-21 17:48:55,-18.4,47.8667,63.68,96,100,7.34
527,Phibun Mangsahan,TH,2022-04-21 17:48:55,15.2447,105.2291,80.58,69,31,6.67
528,San Miguel De Cauri,PE,2022-04-21 17:48:56,-10.1,-76.5833,57.99,51,93,10.04
529,Quang Ngai,VN,2022-04-21 17:48:56,15.1167,108.8,73.99,93,26,3.94
530,Araouane,ML,2022-04-21 17:48:56,18.9048,-3.5265,95.13,10,18,11.12
531,Mildura,AU,2022-04-21 17:48:57,-34.2,142.15,57.16,72,100,9.22
532,Togur,RU,2022-04-21 17:48:57,58.3631,82.8265,30.7,94,100,10.69
533,Sao Joao Da Barra,BR,2022-04-21 17:48:57,-21.6403,-41.0511,84.29,71,27,10.36
534,Bay Roberts,CA,2022-04-21 17:48:58,47.5999,-53.2648,48.65,54,55,11.01
535,Chik,RU,2022-04-21 17:48:58,54.9928,82.4311,38.95,86,75,6.71
536,Aksay,RU,2022-04-21 17:48:58,47.26,39.87,52.02,74,100,11.81
537,Ulvik,NO,2022-04-21 17:48:59,60.5672,6.9187,46.67,95,100,5.32
538,Ca Mau,VN,2022-04-21 17:48:59,9.1769,105.15,80.28,84,36,5.03
539,North Platte,US,2022-04-21 17:47:51,41.1239,-100.7654,67.37,39,20,14.0
540,Xiongzhou,CN,2022-04-21 17:48:59,25.1167,114.3,71.1,86,100,2.44
541,Westport,US,2022-04-21 17:49:00,41.1415,-73.3579,61.47,47,0,16.11
542,Nhamunda,BR,2022-04-21 17:49:00,-2.1861,-56.7131,81.21,83,91,4.23
543,Kavaratti,IN,2022-04-21 17:49:00,10.5669,72.642,85.17,73,36,9.75
544,Gamba,GA,2022-04-21 17:49:00,-2.65,10.0,78.89,89,76,6.11
545,Nadym,RU,2022-04-21 17:49:01,65.5333,72.5167,11.57,92,100,21.36
546,Inhambane,MZ,2022-04-21 17:49:01,-23.865,35.3833,75.18,83,40,0.0
547,Grand-Santi,GF,2022-04-21 17:49:01,4.25,-54.3833,79.88,93,96,1.07
548,Killybegs,IE,2022-04-21 17:49:02,54.6333,-8.45,58.71,66,70,14.94
549,Oktyabrskiy,RU,2022-04-21 17:49:02,54.4815,53.471,39.38,66,100,12.21
550,Orissaare,EE,2022-04-21 17:49:03,58.5592,23.0826,55.35,73,2,12.06
551,Mayo,US,2022-04-21 17:49:03,38.8876,-76.5119,68.13,57,0,14.97
552,Skelleftea,SE,2022-04-21 17:49:03,64.7507,20.9528,57.56,44,0,3.44
553,Tamworth,GB,2022-04-21 17:49:04,52.634,-1.6959,61.12,59,63,13.82
554,Khani,GE,2022-04-21 17:49:04,41.9563,42.9566,44.17,94,95,3.58
555,Qusar,AZ,2022-04-21 17:49:04,41.4273,48.4289,47.35,78,21,2.66
556,Calama,CL,2022-04-21 17:48:12,-22.4667,-68.9333,68.49,19,0,14.97
557,Mopipi,BW,2022-04-21 17:49:05,-21.1833,24.8833,67.77,64,99,9.31
558,Turek,PL,2022-04-21 17:49:05,52.0155,18.5005,49.6,94,100,3.91
559,High Level,CA,2022-04-21 17:49:05,58.5169,-117.136,35.71,41,40,13.8
560,Teplyk,UA,2022-04-21 17:50:06,48.6657,29.745,41.05,91,100,6.4
561,Atagay,RU,2022-04-21 17:50:06,55.1033,99.3875,33.1,88,100,4.0
562,Severnyy,RU,2022-04-21 17:50:06,50.677,36.5532,48.24,57,0,2.24
563,Kruisfontein,ZA,2022-04-21 17:50:07,-34.0033,24.7314,63.88,81,0,6.33
564,Nioro,GM,2022-04-21 17:50:07,13.35,-15.75,106.02,10,38,8.72
565,Cascais,PT,2022-04-21 17:50:07,38.6979,-9.4215,61.97,72,75,35.99
566,Raduzhnyy,RU,2022-04-21 17:50:08,62.0961,77.475,8.08,94,94,6.26
567,Dogondoutchi,NE,2022-04-21 17:50:08,13.6393,4.0287,97.14,18,52,5.1
568,Jiangkou,CN,2022-04-21 17:50:08,25.4872,119.1986,67.35,92,87,0.56
569,Qui Nhon,VN,2022-04-21 17:50:09,13.7667,109.2333,75.76,92,36,4.72
570,Manado,ID,2022-04-21 17:50:09,1.487,124.8455,77.77,94,40,2.3
571,Jumla,NP,2022-04-21 17:50:09,29.2747,82.1838,52.39,83,81,4.32
